{
  "model_type": "Gradient Boosting",
  "overall_r2": -0.012560682464610581,
  "training_samples": 32000,
  "test_samples": 8000,
  "unique_outputs": 145,
  "unique_preferences": 400,
  "used_sample_weights": true,
  "metrics": {
    "costPerTravelHour": {
      "MSE": 31.129881516406666,
      "RMSE": 5.579415875914491,
      "MAE": 4.86022316339285,
      "R\u00b2": -0.015108926355361207
    },
    "costPerKm": {
      "MSE": 0.321726467650774,
      "RMSE": 0.567209368444117,
      "MAE": 0.48696064165537534,
      "R\u00b2": -0.010568247876609593
    },
    "parking_multiplier": {
      "MSE": 8.463862556628268,
      "RMSE": 2.9092718258403196,
      "MAE": 2.6109381872199102,
      "R\u00b2": -0.012004873161855167
    }
  },
  "input_features": [
    "parking_importance",
    "time_importance",
    "distance_importance"
  ],
  "output_features": [
    "costPerTravelHour",
    "costPerKm",
    "parking_multiplier"
  ],
  "requires_scaling": false,
  "timestamp": "20251106_091456"
}